Transaction ID,Customer Name,Phone,Amount,Currency,Transaction Date,Status,Order Number,Fee,Net
DEMO-PDR-20260927-TXN-B01,DEMO-PDR-20260927 عميل B01,+201012074021,500.00,EGP,2026-09-26,PAID,STO-2026-000104,25.00,475.00
DEMO-PDR-20260927-TXN-B03,DEMO-PDR-20260927 عميل B03,+201012074023,500.00,EGP,2026-09-26,PAID,STO-2026-000106,25.00,475.00
DEMO-PDR-20260927-TXN-B04,DEMO-PDR-20260927 عميل B04,+201012074024,500.00,EGP,2026-09-26,PAID,STO-2026-000107,25.00,475.00
DEMO-PDR-20260927-TXN-B05,DEMO-PDR-20260927 عميل B05,+201012074025,500.00,EGP,2026-09-26,PAID,STO-2026-000108,25.00,475.00
DEMO-PDR-20260927-TXN-B06,DEMO-PDR-20260927 عميل B06,+201012074026,500.00,EGP,2026-09-26,PAID,STO-2026-000109,25.00,475.00
DEMO-PDR-20260927-TXN-B07,DEMO-PDR-20260927 عميل B07,+201012074027,500.00,EGP,2026-09-26,PAID,STO-2026-000110,25.00,475.00
DEMO-PDR-20260927-TXN-B08,DEMO-PDR-20260927 عميل B08,+201012074028,500.00,EGP,2026-09-26,PAID,STO-2026-000111,25.00,475.00
DEMO-PDR-20260927-TXN-B09,DEMO-PDR-20260927 عميل B09,+201012074029,500.00,EGP,2026-09-26,PAID,STO-2026-000112,25.00,475.00
DEMO-PDR-20260927-TXN-B10,DEMO-PDR-20260927 عميل B10,+201012074030,500.00,EGP,2026-09-26,PAID,STO-2026-000113,25.00,475.00
DEMO-PDR-20260927-TXN-X1,DEMO-PDR-20260927 عميل X1,+201012074035,200.00,USD,2026-09-26,PAID,STO-2026-000119,10.00,190.00
DEMO-PDR-20260927-TXN-X2,DEMO-PDR-20260927 عميل X2,+201012074036,200.00,USD,2026-09-26,PAID,STO-2026-000120,10.00,190.00
